Env,Contribution,mode
root:4M,0.10506131,C
root:B,0.8949387,C
root:4M,0.0290952435,V
root:B,0.9709047749999999,V
